"Sample","Habitat","Phylum_plot","Relative_abundance"
"IT1","Intertidal","Acidobacteriota",0.00517388172113432
"IT1","Intertidal","Bacillota",0.0151614382081341
"IT1","Intertidal","Bacteroidota",0.0350383129216059
"IT1","Intertidal","Campylobacterota",0.00288165564215076
"IT1","Intertidal","Candidatus Omnitrophota",0.000654921736852446
"IT1","Intertidal","Cyanobacteriota",0.00550134258956055
"IT1","Intertidal","Others",0.176796122863318
"IT1","Intertidal","Planctomycetota",0.080981072761805
"IT1","Intertidal","Pseudomonadota",0.522889514702993
"IT1","Intertidal","Spirochaetota",0.135568799528456
"IT1","Intertidal","Thermodesulfobacteriota",0.0193529373239898
"IT10","Intertidal","Acidobacteriota",0.00211327134404058
"IT10","Intertidal","Bacillota",0.0195548041701888
"IT10","Intertidal","Bacteroidota",0.0257255564947873
"IT10","Intertidal","Campylobacterota",0.00107072414764722
"IT10","Intertidal","Candidatus Omnitrophota",0.000929839391377853
"IT10","Intertidal","Cyanobacteriota",0.00659340659340659
"IT10","Intertidal","Others",0.223584108199493
"IT10","Intertidal","Planctomycetota",0.0626655395886165
"IT10","Intertidal","Pseudomonadota",0.441053817976895
"IT10","Intertidal","Spirochaetota",0.172978303747535
"IT10","Intertidal","Thermodesulfobacteriota",0.043730628346013
"IT11","Intertidal","Acidobacteriota",0.00291545189504373
"IT11","Intertidal","Bacillota",0.0134559318232788
"IT11","Intertidal","Bacteroidota",0.0236973910443298
"IT11","Intertidal","Campylobacterota",0.00139542996685854
"IT11","Intertidal","Candidatus Omnitrophota",0.00446039221549426
"IT11","Intertidal","Cyanobacteriota",0.00338890134808502
"IT11","Intertidal","Others",0.197876952978994
"IT11","Intertidal","Planctomycetota",0.0589070793152426
"IT11","Intertidal","Pseudomonadota",0.499987540803867
"IT11","Intertidal","Spirochaetota",0.161022650818569
"IT11","Intertidal","Thermodesulfobacteriota",0.032892277790237
"IT12","Intertidal","Acidobacteriota",0.00230115428868352
"IT12","Intertidal","Bacillota",0.0171101955981145
"IT12","Intertidal","Bacteroidota",0.0313996214230041
"IT12","Intertidal","Campylobacterota",0.0014846156701184
"IT12","Intertidal","Candidatus Omnitrophota",0.000890769402071039
"IT12","Intertidal","Cyanobacteriota",0.00497346249489663
"IT12","Intertidal","Others",0.222729465909513
"IT12","Intertidal","Planctomycetota",0.100953865568051
"IT12","Intertidal","Pseudomonadota",0.455331626025313
"IT12","Intertidal","Spirochaetota",0.12827079389823
"IT12","Intertidal","Thermodesulfobacteriota",0.0345544297220057
"IT13","Intertidal","Acidobacteriota",0.0217355326308821
"IT13","Intertidal","Bacillota",0.0191978816130634
"IT13","Intertidal","Bacteroidota",0.0730677994152369
"IT13","Intertidal","Campylobacterota",0.0253765101781872
"IT13","Intertidal","Candidatus Omnitrophota",0.000965410713300601
"IT13","Intertidal","Cyanobacteriota",0.00537871683124621
"IT13","Intertidal","Others",0.180614552876924
"IT13","Intertidal","Planctomycetota",0.0788602636950406
"IT13","Intertidal","Pseudomonadota",0.492414630109781
"IT13","Intertidal","Spirochaetota",0.0747503723727037
"IT13","Intertidal","Thermodesulfobacteriota",0.0276383295636344
"IT14","Intertidal","Acidobacteriota",0.00245743373705459
"IT14","Intertidal","Bacillota",0.0226434965771459
"IT14","Intertidal","Bacteroidota",0.0378444795506407
"IT14","Intertidal","Campylobacterota",0.00263296471827278
"IT14","Intertidal","Candidatus Omnitrophota",0.000842548709847288
"IT14","Intertidal","Cyanobacteriota",0.00407231876426189
"IT14","Intertidal","Others",0.190345796033
"IT14","Intertidal","Planctomycetota",0.0985079866596454
"IT14","Intertidal","Pseudomonadota",0.524205722309988
"IT14","Intertidal","Spirochaetota",0.091486747410918
"IT14","Intertidal","Thermodesulfobacteriota",0.0249605055292259
"IT15","Intertidal","Acidobacteriota",0.00432619923386251
"IT15","Intertidal","Bacillota",0.011816050770902
"IT15","Intertidal","Bacteroidota",0.031750871910198
"IT15","Intertidal","Campylobacterota",0.00263002420384593
"IT15","Intertidal","Candidatus Omnitrophota",0.000686093270568504
"IT15","Intertidal","Cyanobacteriota",0.0026681404966553
"IT15","Intertidal","Others",0.186998532522727
"IT15","Intertidal","Planctomycetota",0.0607954870309314
"IT15","Intertidal","Pseudomonadota",0.538297345200206
"IT15","Intertidal","Spirochaetota",0.137885689237865
"IT15","Intertidal","Thermodesulfobacteriota",0.022145566122239
"IT16","Intertidal","Acidobacteriota",0.00234658517285601
"IT16","Intertidal","Bacillota",0.0176266746705231
"IT16","Intertidal","Bacteroidota",0.0305874648694371
"IT16","Intertidal","Campylobacterota",0.00229201342465006
"IT16","Intertidal","Candidatus Omnitrophota",0.000709432726677399
"IT16","Intertidal","Cyanobacteriota",0.00382002237441676
"IT16","Intertidal","Others",0.192801986411635
"IT16","Intertidal","Planctomycetota",0.0822396245463723
"IT16","Intertidal","Pseudomonadota",0.490436301126907
"IT16","Intertidal","Spirochaetota",0.144969849109116
"IT16","Intertidal","Thermodesulfobacteriota",0.0321700455674098
"IT17","Intertidal","Acidobacteriota",0.00337484551763476
"IT17","Intertidal","Bacillota",0.008555946382736
"IT17","Intertidal","Bacteroidota",0.0253588744177203
"IT17","Intertidal","Campylobacterota",0.00209145356022436
"IT17","Intertidal","Candidatus Omnitrophota",0.000665462496435022
"IT17","Intertidal","Cyanobacteriota",0.00389770890769084
"IT17","Intertidal","Others",0.18314478562601
"IT17","Intertidal","Planctomycetota",0.0631476376081377
"IT17","Intertidal","Pseudomonadota",0.516351364198118
"IT17","Intertidal","Spirochaetota",0.168124346420762
"IT17","Intertidal","Thermodesulfobacteriota",0.0252875748645308
"IT18","Intertidal","Acidobacteriota",0.00265794316090779
"IT18","Intertidal","Bacillota",0.0138264158658761
"IT18","Intertidal","Bacteroidota",0.0450572480065426
"IT18","Intertidal","Campylobacterota",0.00419137190758536
"IT18","Intertidal","Candidatus Omnitrophota",0.00155898589245553
"IT18","Intertidal","Cyanobacteriota",0.00569924350848497
"IT18","Intertidal","Others",0.165405847474954
"IT18","Intertidal","Planctomycetota",0.0812717235739113
"IT18","Intertidal","Pseudomonadota",0.503245757513801
"IT18","Intertidal","Spirochaetota",0.142327744837457
"IT18","Intertidal","Thermodesulfobacteriota",0.0347577182580249
"IT19","Intertidal","Acidobacteriota",0.00342371952889619
"IT19","Intertidal","Bacillota",0.0200493015612161
"IT19","Intertidal","Bacteroidota",0.03957819775404
"IT19","Intertidal","Campylobacterota",0.00717611613256642
"IT19","Intertidal","Candidatus Omnitrophota",0.00139687756778965
"IT19","Intertidal","Cyanobacteriota",0.00462886880306765
"IT19","Intertidal","Others",0.192330868255273
"IT19","Intertidal","Planctomycetota",0.0870994248151191
"IT19","Intertidal","Pseudomonadota",0.439194741166804
"IT19","Intertidal","Spirochaetota",0.171049027663654
"IT19","Intertidal","Thermodesulfobacteriota",0.0340728567515749
"IT2","Intertidal","Acidobacteriota",0.00320473314433625
"IT2","Intertidal","Bacillota",0.018396400838161
"IT2","Intertidal","Bacteroidota",0.0491803278688525
"IT2","Intertidal","Campylobacterota",0.00194132873166523
"IT2","Intertidal","Candidatus Omnitrophota",0.00114014544558117
"IT2","Intertidal","Cyanobacteriota",0.00394428694687539
"IT2","Intertidal","Others",0.202144706027363
"IT2","Intertidal","Planctomycetota",0.0946628867250092
"IT2","Intertidal","Pseudomonadota",0.477782571182053
"IT2","Intertidal","Spirochaetota",0.122118821644275
"IT2","Intertidal","Thermodesulfobacteriota",0.0254837914458277
"IT20","Intertidal","Acidobacteriota",0.00531154452201317
"IT20","Intertidal","Bacillota",0.0325997349445366
"IT20","Intertidal","Bacteroidota",0.0387982760959626
"IT20","Intertidal","Campylobacterota",0.106470901292928
"IT20","Intertidal","Candidatus Omnitrophota",0.00151311189723361
"IT20","Intertidal","Cyanobacteriota",0.00201400411149026
"IT20","Intertidal","Others",0.319558797441276
"IT20","Intertidal","Planctomycetota",0.028509115194774
"IT20","Intertidal","Pseudomonadota",0.391029855263021
"IT20","Intertidal","Spirochaetota",0.0484926274927214
"IT20","Intertidal","Thermodesulfobacteriota",0.0257020317440441
"IT21","Intertidal","Acidobacteriota",0.0291382185351528
"IT21","Intertidal","Bacillota",0.00249382488534053
"IT21","Intertidal","Bacteroidota",0.0190618581521917
"IT21","Intertidal","Campylobacterota",0.00125731576459958
"IT21","Intertidal","Candidatus Omnitrophota",0.000540972740324168
"IT21","Intertidal","Cyanobacteriota",0.00400379275393766
"IT21","Intertidal","Others",0.176149046907092
"IT21","Intertidal","Planctomycetota",0.0121094667257179
"IT21","Intertidal","Pseudomonadota",0.744732203631651
"IT21","Intertidal","Spirochaetota",0.00601312007514171
"IT21","Intertidal","Thermodesulfobacteriota",0.00450017982885049
"IT22","Intertidal","Acidobacteriota",0.0571999600279804
"IT22","Intertidal","Bacillota",0.00254821624862596
"IT22","Intertidal","Bacteroidota",0.0347206955131408
"IT22","Intertidal","Campylobacterota",0.000339762166483462
"IT22","Intertidal","Candidatus Omnitrophota",0.213005895872889
"IT22","Intertidal","Cyanobacteriota",0.0112171479964025
"IT22","Intertidal","Others",0.226661337064055
"IT22","Intertidal","Planctomycetota",0.0145897871489957
"IT22","Intertidal","Pseudomonadota",0.425861896672329
"IT22","Intertidal","Spirochaetota",0.00945338263215749
"IT22","Intertidal","Thermodesulfobacteriota",0.00440191865694014
"IT23","Intertidal","Acidobacteriota",0.00635880624010852
"IT23","Intertidal","Bacillota",0.0111632376215239
"IT23","Intertidal","Bacteroidota",0.0408376667420303
"IT23","Intertidal","Campylobacterota",0.00135654533122315
"IT23","Intertidal","Candidatus Omnitrophota",0.00113045444268596
"IT23","Intertidal","Cyanobacteriota",0.0042109427990052
"IT23","Intertidal","Others",0.157500565227221
"IT23","Intertidal","Planctomycetota",0.0690142437259778
"IT23","Intertidal","Pseudomonadota",0.517013339362424
"IT23","Intertidal","Spirochaetota",0.150915668098576
"IT23","Intertidal","Thermodesulfobacteriota",0.0404985304092245
"IT24","Intertidal","Acidobacteriota",0.00513634275692154
"IT24","Intertidal","Bacillota",0.0197937111120391
"IT24","Intertidal","Bacteroidota",0.0597569632939408
"IT24","Intertidal","Campylobacterota",0.00329895185200651
"IT24","Intertidal","Candidatus Omnitrophota",0.00154507871549672
"IT24","Intertidal","Cyanobacteriota",0.00663966258821564
"IT24","Intertidal","Others",0.175763143608803
"IT24","Intertidal","Planctomycetota",0.127489873470581
"IT24","Intertidal","Pseudomonadota",0.481479934856141
"IT24","Intertidal","Spirochaetota",0.0852298826575354
"IT24","Intertidal","Thermodesulfobacteriota",0.03386645508832
"IT25","Intertidal","Acidobacteriota",0.0174190562038639
"IT25","Intertidal","Bacillota",0.00723560796160499
"IT25","Intertidal","Bacteroidota",0.166881867127927
"IT25","Intertidal","Campylobacterota",0.0039223329354155
"IT25","Intertidal","Candidatus Omnitrophota",0.000779594123809292
"IT25","Intertidal","Cyanobacteriota",0.00389797061904646
"IT25","Intertidal","Others",0.197480936487441
"IT25","Intertidal","Planctomycetota",0.0568616464053402
"IT25","Intertidal","Pseudomonadota",0.472921285355812
"IT25","Intertidal","Spirochaetota",0.0626842400175409
"IT25","Intertidal","Thermodesulfobacteriota",0.00991546276219943
"IT26","Intertidal","Acidobacteriota",0.00209899113006974
"IT26","Intertidal","Bacillota",0.019398740605322
"IT26","Intertidal","Bacteroidota",0.030638499559889
"IT26","Intertidal","Campylobacterota",0.00595842643374636
"IT26","Intertidal","Candidatus Omnitrophota",0.00159117069537545
"IT26","Intertidal","Cyanobacteriota",0.00385943530367662
"IT26","Intertidal","Others",0.159455616494008
"IT26","Intertidal","Planctomycetota",0.0881576274629291
"IT26","Intertidal","Pseudomonadota",0.530096824429548
"IT26","Intertidal","Spirochaetota",0.131288509716298
"IT26","Intertidal","Thermodesulfobacteriota",0.0274561581691381
"IT27","Intertidal","Acidobacteriota",0.00876043577552319
"IT27","Intertidal","Bacillota",0.0194301972969937
"IT27","Intertidal","Bacteroidota",0.0455617535846655
"IT27","Intertidal","Campylobacterota",0.00213395230429411
"IT27","Intertidal","Candidatus Omnitrophota",0.00119800831118266
"IT27","Intertidal","Cyanobacteriota",0.00505409756280184
"IT27","Intertidal","Others",0.168731983078133
"IT27","Intertidal","Planctomycetota",0.0971884242446932
"IT27","Intertidal","Pseudomonadota",0.506832391149714
"IT27","Intertidal","Spirochaetota",0.113885665081802
"IT27","Intertidal","Thermodesulfobacteriota",0.031223091610198
"IT3","Intertidal","Acidobacteriota",0.00200868314961518
"IT3","Intertidal","Bacillota",0.00561726480787122
"IT3","Intertidal","Bacteroidota",0.0144343266330242
"IT3","Intertidal","Campylobacterota",0.000704801105128133
"IT3","Intertidal","Candidatus Omnitrophota",0.0134757971300499
"IT3","Intertidal","Cyanobacteriota",0.00133912209974345
"IT3","Intertidal","Others",0.172577598601675
"IT3","Intertidal","Planctomycetota",0.0308843844267148
"IT3","Intertidal","Pseudomonadota",0.693876687998647
"IT3","Intertidal","Spirochaetota",0.0556722392940712
"IT3","Intertidal","Thermodesulfobacteriota",0.00940909475346057
"IT4","Intertidal","Acidobacteriota",0.00431417897171322
"IT4","Intertidal","Bacillota",0.0126312044120263
"IT4","Intertidal","Bacteroidota",0.036759473403309
"IT4","Intertidal","Campylobacterota",0.00260185020458993
"IT4","Intertidal","Candidatus Omnitrophota",0.00260185020458993
"IT4","Intertidal","Cyanobacteriota",0.00773883650595979
"IT4","Intertidal","Others",0.276151930261519
"IT4","Intertidal","Planctomycetota",0.0662026329834549
"IT4","Intertidal","Pseudomonadota",0.456391211528198
"IT4","Intertidal","Spirochaetota",0.10705390499911
"IT4","Intertidal","Thermodesulfobacteriota",0.0275529265255293
"IT5","Intertidal","Acidobacteriota",0.00246678068675174
"IT5","Intertidal","Bacillota",0.0187475332193132
"IT5","Intertidal","Bacteroidota",0.0360478884357321
"IT5","Intertidal","Campylobacterota",0.00289435600578871
"IT5","Intertidal","Candidatus Omnitrophota",0.0022694382318116
"IT5","Intertidal","Cyanobacteriota",0.00427575319036969
"IT5","Intertidal","Others",0.186554400736745
"IT5","Intertidal","Planctomycetota",0.087291145901855
"IT5","Intertidal","Pseudomonadota",0.493257466122879
"IT5","Intertidal","Spirochaetota",0.132975924220497
"IT5","Intertidal","Thermodesulfobacteriota",0.0332193132482568
"IT6","Intertidal","Acidobacteriota",0.00268607573000607
"IT6","Intertidal","Bacillota",0.0171851081650926
"IT6","Intertidal","Bacteroidota",0.0324062039684603
"IT6","Intertidal","Campylobacterota",0.00245501545215608
"IT6","Intertidal","Candidatus Omnitrophota",0.00109753631978742
"IT6","Intertidal","Cyanobacteriota",0.00352366923721226
"IT6","Intertidal","Others",0.205441469543367
"IT6","Intertidal","Planctomycetota",0.0724085145712388
"IT6","Intertidal","Pseudomonadota",0.447939231146925
"IT6","Intertidal","Spirochaetota",0.165294746266932
"IT6","Intertidal","Thermodesulfobacteriota",0.0495624295988216
"IT7","Intertidal","Acidobacteriota",0.012113629254699
"IT7","Intertidal","Bacillota",0.0150425114453891
"IT7","Intertidal","Bacteroidota",0.0385873119686069
"IT7","Intertidal","Campylobacterota",0.00284357494241761
"IT7","Intertidal","Candidatus Omnitrophota",0.0011943014758154
"IT7","Intertidal","Cyanobacteriota",0.00454971990786817
"IT7","Intertidal","Others",0.191656951118947
"IT7","Intertidal","Planctomycetota",0.0800466346290556
"IT7","Intertidal","Pseudomonadota",0.493075895015213
"IT7","Intertidal","Spirochaetota",0.129866067620212
"IT7","Intertidal","Thermodesulfobacteriota",0.0310234026217761
"IT8","Intertidal","Acidobacteriota",0.0143379522709777
"IT8","Intertidal","Bacillota",0.00599362146706258
"IT8","Intertidal","Bacteroidota",0.0312465632904432
"IT8","Intertidal","Campylobacterota",0.00147091169031123
"IT8","Intertidal","Candidatus Omnitrophota",0.0126608380072583
"IT8","Intertidal","Cyanobacteriota",0.00219949411635324
"IT8","Intertidal","Others",0.436310898493347
"IT8","Intertidal","Planctomycetota",0.03116408226108
"IT8","Intertidal","Pseudomonadota",0.355039590894094
"IT8","Intertidal","Spirochaetota",0.071662267678434
"IT8","Intertidal","Thermodesulfobacteriota",0.037913779830639
"IT9","Intertidal","Acidobacteriota",0.0293002974856351
"IT9","Intertidal","Bacillota",0.0124495700721301
"IT9","Intertidal","Bacteroidota",0.0873507477892335
"IT9","Intertidal","Campylobacterota",0.0047679204531562
"IT9","Intertidal","Candidatus Omnitrophota",0.000448266025510412
"IT9","Intertidal","Cyanobacteriota",0.00260809323933331
"IT9","Intertidal","Others",0.160988630343535
"IT9","Intertidal","Planctomycetota",0.0525490036268797
"IT9","Intertidal","Pseudomonadota",0.506092342801255
"IT9","Intertidal","Spirochaetota",0.127409429887118
"IT9","Intertidal","Thermodesulfobacteriota",0.0160356982762134
"ST1","Subtidal","Acidobacteriota",0.000372067674393621
"ST1","Subtidal","Bacillota",0.00377570083662823
"ST1","Subtidal","Bacteroidota",0.00478971625909535
"ST1","Subtidal","Campylobacterota",0.000298702217470935
"ST1","Subtidal","Candidatus Omnitrophota",1.04807795603837e-05
"ST1","Subtidal","Cyanobacteriota",0.00034062533571247
"ST1","Subtidal","Others",0.653033792653498
"ST1","Subtidal","Planctomycetota",0.00918116289489612
"ST1","Subtidal","Pseudomonadota",0.276642796691218
"ST1","Subtidal","Spirochaetota",0.0401990300038517
"ST1","Subtidal","Thermodesulfobacteriota",0.0113559246536757
"ST10","Subtidal","Acidobacteriota",0.000965317520512997
"ST10","Subtidal","Bacillota",0.00184444597669448
"ST10","Subtidal","Bacteroidota",0.016755154106047
"ST10","Subtidal","Campylobacterota",0.00168930566089775
"ST10","Subtidal","Candidatus Omnitrophota",0.000224091567261946
"ST10","Subtidal","Cyanobacteriota",0.00427497759084327
"ST10","Subtidal","Others",0.122388471350755
"ST10","Subtidal","Planctomycetota",0.0661759635937392
"ST10","Subtidal","Pseudomonadota",0.614545266496587
"ST10","Subtidal","Spirochaetota",0.148520995656071
"ST10","Subtidal","Thermodesulfobacteriota",0.0226160104805902
"ST11","Subtidal","Acidobacteriota",0.00173236600369645
"ST11","Subtidal","Bacillota",0.000590328542660892
"ST11","Subtidal","Bacteroidota",0.0106203966787123
"ST11","Subtidal","Campylobacterota",0.000617913988579625
"ST11","Subtidal","Candidatus Omnitrophota",7.72392485724532e-05
"ST11","Subtidal","Cyanobacteriota",0.000673084880417092
"ST11","Subtidal","Others",0.087892747786268
"ST11","Subtidal","Planctomycetota",0.0228683346666299
"ST11","Subtidal","Pseudomonadota",0.844980828115086
"ST11","Subtidal","Spirochaetota",0.0232655650878596
"ST11","Subtidal","Thermodesulfobacteriota",0.0066811950015172
"ST12","Subtidal","Acidobacteriota",0.00428393699678411
"ST12","Subtidal","Bacillota",0.00306330837304289
"ST12","Subtidal","Bacteroidota",0.0272528813877609
"ST12","Subtidal","Campylobacterota",0.00362667543015422
"ST12","Subtidal","Candidatus Omnitrophota",0.00046947254759278
"ST12","Subtidal","Cyanobacteriota",0.0119832867773057
"ST12","Subtidal","Others",0.179162460975094
"ST12","Subtidal","Planctomycetota",0.119034764442149
"ST12","Subtidal","Pseudomonadota",0.49415506678247
"ST12","Subtidal","Spirochaetota",0.129304476420741
"ST12","Subtidal","Thermodesulfobacteriota",0.0276636698669045
"ST13","Subtidal","Acidobacteriota",0.0035112038630859
"ST13","Subtidal","Bacillota",0.000624552530961049
"ST13","Subtidal","Bacteroidota",0.00565143875576949
"ST13","Subtidal","Campylobacterota",0.000418907185400704
"ST13","Subtidal","Candidatus Omnitrophota",0.000479839139640806
"ST13","Subtidal","Cyanobacteriota",0.0006550185080811
"ST13","Subtidal","Others",0.0798437095373741
"ST13","Subtidal","Planctomycetota",0.01786829558091
"ST13","Subtidal","Pseudomonadota",0.83908632534617
"ST13","Subtidal","Spirochaetota",0.0407558608923485
"ST13","Subtidal","Thermodesulfobacteriota",0.0111048486602587
"ST14","Subtidal","Acidobacteriota",0.002759777121797
"ST14","Subtidal","Bacillota",0.00305671516654731
"ST14","Subtidal","Bacteroidota",0.0387766152556287
"ST14","Subtidal","Campylobacterota",0.00524008314265253
"ST14","Subtidal","Candidatus Omnitrophota",0.000506541370456411
"ST14","Subtidal","Cyanobacteriota",0.00950201743200992
"ST14","Subtidal","Others",0.198529283331296
"ST14","Subtidal","Planctomycetota",0.090513702817418
"ST14","Subtidal","Pseudomonadota",0.38470943738974
"ST14","Subtidal","Spirochaetota",0.213009379748825
"ST14","Subtidal","Thermodesulfobacteriota",0.0533964472236293
"ST15","Subtidal","Acidobacteriota",0.00190739509326987
"ST15","Subtidal","Bacillota",0.00152241626710531
"ST15","Subtidal","Bacteroidota",0.0218387988660624
"ST15","Subtidal","Campylobacterota",0.00185489798061107
"ST15","Subtidal","Candidatus Omnitrophota",0.00022748748818815
"ST15","Subtidal","Cyanobacteriota",0.00106744129072901
"ST15","Subtidal","Others",0.14788436635985
"ST15","Subtidal","Planctomycetota",0.0757358345291009
"ST15","Subtidal","Pseudomonadota",0.531620760858153
"ST15","Subtidal","Spirochaetota",0.18974206418647
"ST15","Subtidal","Thermodesulfobacteriota",0.0265985370804606
"ST16","Subtidal","Acidobacteriota",0.00126353997955363
"ST16","Subtidal","Bacillota",0.000140138070459584
"ST16","Subtidal","Bacteroidota",0.00295898089757285
"ST16","Subtidal","Campylobacterota",0.000296357558840759
"ST16","Subtidal","Candidatus Omnitrophota",1.83787633389618e-05
"ST16","Subtidal","Cyanobacteriota",0.000569741663507817
"ST16","Subtidal","Others",0.131676947287409
"ST16","Subtidal","Planctomycetota",0.00628783440734232
"ST16","Subtidal","Pseudomonadota",0.841274107768474
"ST16","Subtidal","Spirochaetota",0.0116130810848065
"ST16","Subtidal","Thermodesulfobacteriota",0.00390089251869465
"ST17","Subtidal","Acidobacteriota",0.00320830007980846
"ST17","Subtidal","Bacillota",0.000335195530726257
"ST17","Subtidal","Bacteroidota",0.00503325352487364
"ST17","Subtidal","Campylobacterota",0.000218143123171056
"ST17","Subtidal","Candidatus Omnitrophota",7.98084596967278e-05
"ST17","Subtidal","Cyanobacteriota",0.000462889066241022
"ST17","Subtidal","Others",0.0691354083532854
"ST17","Subtidal","Planctomycetota",0.01048683160415
"ST17","Subtidal","Pseudomonadota",0.884495876562916
"ST17","Subtidal","Spirochaetota",0.0210055865921788
"ST17","Subtidal","Thermodesulfobacteriota",0.00553870710295291
"ST18","Subtidal","Acidobacteriota",0.00473352533576663
"ST18","Subtidal","Bacillota",0.0018249736234281
"ST18","Subtidal","Bacteroidota",0.0260343893467165
"ST18","Subtidal","Campylobacterota",0.00191051926202629
"ST18","Subtidal","Candidatus Omnitrophota",0.00028515212866064
"ST18","Subtidal","Cyanobacteriota",0.0046764949100345
"ST18","Subtidal","Others",0.182440331917078
"ST18","Subtidal","Planctomycetota",0.0773332572927657
"ST18","Subtidal","Pseudomonadota",0.510907068921269
"ST18","Subtidal","Spirochaetota",0.152613419259175
"ST18","Subtidal","Thermodesulfobacteriota",0.0372408680030796
"ST19","Subtidal","Acidobacteriota",0.0014808831448573
"ST19","Subtidal","Bacillota",0.00236941303177167
"ST19","Subtidal","Bacteroidota",0.0235595045772752
"ST19","Subtidal","Campylobacterota",0.00406569736133549
"ST19","Subtidal","Candidatus Omnitrophota",0.000323101777059774
"ST19","Subtidal","Cyanobacteriota",0.00872374798061389
"ST19","Subtidal","Others",0.151103931071621
"ST19","Subtidal","Planctomycetota",0.0921109316101239
"ST19","Subtidal","Pseudomonadota",0.451507808292946
"ST19","Subtidal","Spirochaetota",0.232337102854066
"ST19","Subtidal","Thermodesulfobacteriota",0.0324178782983306
"ST2","Subtidal","Acidobacteriota",0.000489601790543691
"ST2","Subtidal","Bacillota",0.00101417513755479
"ST2","Subtidal","Bacteroidota",0.0118786720134291
"ST2","Subtidal","Campylobacterota",0.00212160775902266
"ST2","Subtidal","Candidatus Omnitrophota",0.00033805837918493
"ST2","Subtidal","Cyanobacteriota",0.00329898349342535
"ST2","Subtidal","Others",0.088955982467593
"ST2","Subtidal","Planctomycetota",0.0362538468712114
"ST2","Subtidal","Pseudomonadota",0.787687680686375
"ST2","Subtidal","Spirochaetota",0.0495430383288259
"ST2","Subtidal","Thermodesulfobacteriota",0.0184183530728341
"ST20","Subtidal","Acidobacteriota",0.000618886348398632
"ST20","Subtidal","Bacillota",0.00173632003300727
"ST20","Subtidal","Bacteroidota",0.0177242173666386
"ST20","Subtidal","Campylobacterota",0.00165036359572968
"ST20","Subtidal","Candidatus Omnitrophota",0.000446973473843456
"ST20","Subtidal","Cyanobacteriota",0.00366174422802524
"ST20","Subtidal","Others",0.182623046639963
"ST20","Subtidal","Planctomycetota",0.0630748336742939
"ST20","Subtidal","Pseudomonadota",0.494507383657962
"ST20","Subtidal","Spirochaetota",0.187986728326084
"ST20","Subtidal","Thermodesulfobacteriota",0.0459695026560539
"ST21","Subtidal","Acidobacteriota",0.00238688902532232
"ST21","Subtidal","Bacillota",0.0264687824986531
"ST21","Subtidal","Bacteroidota",0.0088709576374184
"ST21","Subtidal","Campylobacterota",0.00169776096026863
"ST21","Subtidal","Candidatus Omnitrophota",0.000169149615967724
"ST21","Subtidal","Cyanobacteriota",0.00120910651413965
"ST21","Subtidal","Others",0.189698161907506
"ST21","Subtidal","Planctomycetota",0.0304093420706419
"ST21","Subtidal","Pseudomonadota",0.701782962248312
"ST21","Subtidal","Spirochaetota",0.0288932603275238
"ST21","Subtidal","Thermodesulfobacteriota",0.00841362719424641
"ST22","Subtidal","Acidobacteriota",0.00065739107279566
"ST22","Subtidal","Bacillota",0.000698998102719435
"ST22","Subtidal","Bacteroidota",0.0110258629298006
"ST22","Subtidal","Campylobacterota",0.00247977898345704
"ST22","Subtidal","Candidatus Omnitrophota",0.000116499683786573
"ST22","Subtidal","Cyanobacteriota",0.00123156808574377
"ST22","Subtidal","Others",0.164813766934061
"ST22","Subtidal","Planctomycetota",0.0265369636853843
"ST22","Subtidal","Pseudomonadota",0.702917484938255
"ST22","Subtidal","Spirochaetota",0.0784625370302566
"ST22","Subtidal","Thermodesulfobacteriota",0.0110591485537396
"ST23","Subtidal","Acidobacteriota",0.000336879930378148
"ST23","Subtidal","Bacillota",0.00154403301423318
"ST23","Subtidal","Bacteroidota",0.0231604952134977
"ST23","Subtidal","Campylobacterota",0.00109485977372898
"ST23","Subtidal","Candidatus Omnitrophota",5.61466550630246e-05
"ST23","Subtidal","Cyanobacteriota",0.00932034474046209
"ST23","Subtidal","Others",0.1243648409646
"ST23","Subtidal","Planctomycetota",0.0633053535835603
"ST23","Subtidal","Pseudomonadota",0.652171471884562
"ST23","Subtidal","Spirochaetota",0.104573145054883
"ST23","Subtidal","Thermodesulfobacteriota",0.0200724291850313
"ST24","Subtidal","Acidobacteriota",0.000167048257293622
"ST24","Subtidal","Bacillota",0.00171961441331669
"ST24","Subtidal","Bacteroidota",0.734914068411175
"ST24","Subtidal","Campylobacterota",0.00134621242642507
"ST24","Subtidal","Candidatus Omnitrophota",0.000117916416913145
"ST24","Subtidal","Cyanobacteriota",0.0020291450077137
"ST24","Subtidal","Others",0.033272082305659
"ST24","Subtidal","Planctomycetota",0.0292137922902316
"ST24","Subtidal","Pseudomonadota",0.173636837088644
"ST24","Subtidal","Spirochaetota",0.0167981762260851
"ST24","Subtidal","Thermodesulfobacteriota",0.00678510715654387
"ST25","Subtidal","Acidobacteriota",0.00143183771424865
"ST25","Subtidal","Bacillota",0.000212424394752631
"ST25","Subtidal","Bacteroidota",0.00327393017561498
"ST25","Subtidal","Campylobacterota",0.000442685952423422
"ST25","Subtidal","Candidatus Omnitrophota",0.000381066662342506
"ST25","Subtidal","Cyanobacteriota",0.000262692762976536
"ST25","Subtidal","Others",0.0638051533185231
"ST25","Subtidal","Planctomycetota",0.00849373266957467
"ST25","Subtidal","Pseudomonadota",0.905073862070084
"ST25","Subtidal","Spirochaetota",0.0135043538893123
"ST25","Subtidal","Thermodesulfobacteriota",0.0031182603901474
"ST26","Subtidal","Acidobacteriota",0.000967649082264462
"ST26","Subtidal","Bacillota",0.000183730838404645
"ST26","Subtidal","Bacteroidota",0.00300501993479597
"ST26","Subtidal","Campylobacterota",0.000167399208324232
"ST26","Subtidal","Candidatus Omnitrophota",8.36996041621159e-05
"ST26","Subtidal","Cyanobacteriota",0.00045728564225156
"ST26","Subtidal","Others",0.0642180109299434
"ST26","Subtidal","Planctomycetota",0.00649386441072416
"ST26","Subtidal","Pseudomonadota",0.907373118545178
"ST26","Subtidal","Spirochaetota",0.01344909737122
"ST26","Subtidal","Thermodesulfobacteriota",0.00360112443273104
"ST27","Subtidal","Acidobacteriota",0.000775728436801298
"ST27","Subtidal","Bacillota",0.000169442388925881
"ST27","Subtidal","Bacteroidota",0.00416457621531892
"ST27","Subtidal","Campylobacterota",0.000255487352052305
"ST27","Subtidal","Candidatus Omnitrophota",0.000426253509641669
"ST27","Subtidal","Cyanobacteriota",0.000304466792601192
"ST27","Subtidal","Others",0.0634548508840789
"ST27","Subtidal","Planctomycetota",0.00757063298646182
"ST27","Subtidal","Pseudomonadota",0.91013728804809
"ST27","Subtidal","Spirochaetota",0.0101202114323309
"ST27","Subtidal","Thermodesulfobacteriota",0.00262106195369722
"ST28","Subtidal","Acidobacteriota",0.00765392484434566
"ST28","Subtidal","Bacillota",0.00231089653954283
"ST28","Subtidal","Bacteroidota",0.0242570541220801
"ST28","Subtidal","Campylobacterota",0.000927302433064955
"ST28","Subtidal","Candidatus Omnitrophota",0.000426853500934662
"ST28","Subtidal","Cyanobacteriota",0.00435684952678138
"ST28","Subtidal","Others",0.196779463930879
"ST28","Subtidal","Planctomycetota",0.0755825078379134
"ST28","Subtidal","Pseudomonadota",0.542810462326499
"ST28","Subtidal","Spirochaetota",0.120814259850748
"ST28","Subtidal","Thermodesulfobacteriota",0.0240804250872106
"ST29","Subtidal","Acidobacteriota",0.00125044325413859
"ST29","Subtidal","Bacillota",0.00216494652955339
"ST29","Subtidal","Bacteroidota",0.0325488512719061
"ST29","Subtidal","Campylobacterota",0.00375132976241578
"ST29","Subtidal","Candidatus Omnitrophota",0.000354603310875124
"ST29","Subtidal","Cyanobacteriota",0.00356469644090256
"ST29","Subtidal","Others",0.149399973871335
"ST29","Subtidal","Planctomycetota",0.0623541927175678
"ST29","Subtidal","Pseudomonadota",0.561486347772531
"ST29","Subtidal","Spirochaetota",0.161157873126668
"ST29","Subtidal","Thermodesulfobacteriota",0.0219667419421063
"ST3","Subtidal","Acidobacteriota",0.000823723228995058
"ST3","Subtidal","Bacillota",0.000276623472423713
"ST3","Subtidal","Bacteroidota",0.00454891932430106
"ST3","Subtidal","Campylobacterota",0.000270476284147631
"ST3","Subtidal","Candidatus Omnitrophota",0.00119870171383609
"ST3","Subtidal","Cyanobacteriota",0.000270476284147631
"ST3","Subtidal","Others",0.0676067766603556
"ST3","Subtidal","Planctomycetota",0.0107698738596966
"ST3","Subtidal","Pseudomonadota",0.893991738178957
"ST3","Subtidal","Spirochaetota",0.0159765423295385
"ST3","Subtidal","Thermodesulfobacteriota",0.00426614866360127
"ST30","Subtidal","Acidobacteriota",0.000559024797682349
"ST30","Subtidal","Bacillota",0.00016113067697903
"ST30","Subtidal","Bacteroidota",0.00177243744676933
"ST30","Subtidal","Campylobacterota",0.000134823627676331
"ST30","Subtidal","Candidatus Omnitrophota",2.63070493026988e-05
"ST30","Subtidal","Cyanobacteriota",0.000348568403260759
"ST30","Subtidal","Others",0.0590067115859534
"ST30","Subtidal","Planctomycetota",0.00530415881565664
"ST30","Subtidal","Pseudomonadota",0.920457348052127
"ST30","Subtidal","Spirochaetota",0.00985527834502353
"ST30","Subtidal","Thermodesulfobacteriota",0.00237421119956856
"ST4","Subtidal","Acidobacteriota",0.00192294245157681
"ST4","Subtidal","Bacillota",0.000349625900286693
"ST4","Subtidal","Bacteroidota",0.00732715993886541
"ST4","Subtidal","Campylobacterota",0.000289690031666117
"ST4","Subtidal","Candidatus Omnitrophota",7.491983577572e-05
"ST4","Subtidal","Cyanobacteriota",0.00114877081522771
"ST4","Subtidal","Others",0.0751046380373001
"ST4","Subtidal","Planctomycetota",0.0258823059326521
"ST4","Subtidal","Pseudomonadota",0.864005514099913
"ST4","Subtidal","Spirochaetota",0.0184402689122639
"ST4","Subtidal","Thermodesulfobacteriota",0.00545416404447241
"ST5","Subtidal","Acidobacteriota",0.0026882881326654
"ST5","Subtidal","Bacillota",0.000626187597167041
"ST5","Subtidal","Bacteroidota",0.010267317325963
"ST5","Subtidal","Campylobacterota",0.000561409569873899
"ST5","Subtidal","Candidatus Omnitrophota",8.63707030575229e-05
"ST5","Subtidal","Cyanobacteriota",0.00117680082915875
"ST5","Subtidal","Others",0.0932263776127138
"ST5","Subtidal","Planctomycetota",0.0306292105717741
"ST5","Subtidal","Pseudomonadota",0.809682155812748
"ST5","Subtidal","Spirochaetota",0.0401731732596303
"ST5","Subtidal","Thermodesulfobacteriota",0.0108827085852479
"ST6","Subtidal","Acidobacteriota",0.000769329401205283
"ST6","Subtidal","Bacillota",0.00198743428644698
"ST6","Subtidal","Bacteroidota",0.031414283882549
"ST6","Subtidal","Campylobacterota",0.00294909603795358
"ST6","Subtidal","Candidatus Omnitrophota",0.000384664700602641
"ST6","Subtidal","Cyanobacteriota",0.00628285677650981
"ST6","Subtidal","Others",0.181625849467881
"ST6","Subtidal","Planctomycetota",0.0957815104500577
"ST6","Subtidal","Pseudomonadota",0.379856391845108
"ST6","Subtidal","Spirochaetota",0.235350685985383
"ST6","Subtidal","Thermodesulfobacteriota",0.0635978971663034
"ST7","Subtidal","Acidobacteriota",0.000432862955588261
"ST7","Subtidal","Bacillota",0.000887369058955935
"ST7","Subtidal","Bacteroidota",0.0145225521599861
"ST7","Subtidal","Campylobacterota",0.00157994978789715
"ST7","Subtidal","Candidatus Omnitrophota",0.000303004068911783
"ST7","Subtidal","Cyanobacteriota",0.00380919400917669
"ST7","Subtidal","Others",0.169162843043892
"ST7","Subtidal","Planctomycetota",0.0574192710587828
"ST7","Subtidal","Pseudomonadota",0.589364557181196
"ST7","Subtidal","Spirochaetota",0.132694139035581
"ST7","Subtidal","Thermodesulfobacteriota",0.0298242576400312
"ST8","Subtidal","Acidobacteriota",0.00115861946035071
"ST8","Subtidal","Bacillota",0.00135914975156525
"ST8","Subtidal","Bacteroidota",0.0110291660168
"ST8","Subtidal","Campylobacterota",0.00131458746462868
"ST8","Subtidal","Candidatus Omnitrophota",0.000378779438960807
"ST8","Subtidal","Cyanobacteriota",0.00450079098059312
"ST8","Subtidal","Others",0.140660858715269
"ST8","Subtidal","Planctomycetota",0.0999532095987166
"ST8","Subtidal","Pseudomonadota",0.673247031037633
"ST8","Subtidal","Spirochaetota",0.0542991466322052
"ST8","Subtidal","Thermodesulfobacteriota",0.0120986609032776
"ST9","Subtidal","Acidobacteriota",0.00469192195025073
"ST9","Subtidal","Bacillota",0.00181222382205452
"ST9","Subtidal","Bacteroidota",0.0211757112357877
"ST9","Subtidal","Campylobacterota",0.00168809890273571
"ST9","Subtidal","Candidatus Omnitrophota",0.000148949903182563
"ST9","Subtidal","Cyanobacteriota",0.0038975224666104
"ST9","Subtidal","Others",0.164291743210367
"ST9","Subtidal","Planctomycetota",0.114641775482846
"ST9","Subtidal","Pseudomonadota",0.530609205104017
"ST9","Subtidal","Spirochaetota",0.130033265478377
"ST9","Subtidal","Thermodesulfobacteriota",0.0270095824437714
